{"assets/images/bg-medium.jpg":["assets/images/bg-medium.jpg"],"assets/images/bg-old.jpg":["assets/images/bg-old.jpg"],"assets/images/bg-small.jpeg":["assets/images/bg-small.jpeg"],"assets/images/bg-water.jpg":["assets/images/bg-water.jpg"],"assets/images/bg.jpg":["assets/images/bg.jpg"],"assets/images/logo.jpg":["assets/images/logo.jpg"],"packages/cupertino_icons/assets/CupertinoIcons.ttf":["packages/cupertino_icons/assets/CupertinoIcons.ttf"],"packages/elegant_notification/assets/icons/error.png":["packages/elegant_notification/assets/icons/error.png"],"packages/elegant_notification/assets/icons/info.png":["packages/elegant_notification/assets/icons/info.png"],"packages/elegant_notification/assets/icons/success.png":["packages/elegant_notification/assets/icons/success.png"],"packages/syncfusion_flutter_datagrid/assets/font/FilterIcon.ttf":["packages/syncfusion_flutter_datagrid/assets/font/FilterIcon.ttf"],"packages/syncfusion_flutter_datagrid/assets/font/UnsortIcon.ttf":["packages/syncfusion_flutter_datagrid/assets/font/UnsortIcon.ttf"]}